title,author,first_publish_year,openlibrary_key
Core Python Programming,R. Nageswara Rao,2016,/works/OL30906747W
Black Hat Python,"Justin Seitz, Tim Arnold",2014,/works/OL19547345W
Core Python programming,Wesley Chun,2006,/works/OL12409294W
Python Programming,Reema Thareja,2019,/works/OL26755050W
Python programming,John M. Zelle,2003,/works/OL6037340W
Python,Joshua Welsh,2017,/works/OL20212390W
Python Programming,Sarah Stewart,2019,/works/OL25171735W
Python Programming Crash Course,Alex Jaxson,2022,/works/OL29179198W
Python Programming,Adam Stewart,2016,/works/OL24567802W
Python Programming,"Naveen ,Kumar and Taneja Sheetal",2017,/works/OL27103303W
Introduction to Python Programming,"Gowrishankar S, Veena A",2018,/works/OL25217001W
Python programming in context,Bradley N. Miller,2009,/works/OL5830811W
Fundamentals of Python Programming,Richard L. Halterman,2018,/works/OL20455939W
Murach's Python Programming (2nd Edition),"Joel Murach, Michael Urban",2016,/works/OL25315386W
Python Programming,"Vijaya Kumara Sarma, Vimal Kumar, Swati Sharma, Shashwat Pathak",2021,/works/OL25320045W
Python for Beginners : 2 Books in 1,Programming Languages ACADEMY,2021,/works/OL30980985W
Murach's Python Programming,"Michael Urban, Joel Murach",2016,/works/OL19546354W
Python Programming For Beginners,"Python Programming, Michael Knapp",2015,/works/OL17755203W
Python,"Bradley N. Miller, David L. Ranum",2013,/works/OL21050696W
Fluent Python,Luciano Ramalho,2015,/works/OL19932156W
Coding by Doing : for Absolute Beginners - 2 Books in One - Learn SQL and Python Programming,Coding Languages Coding Languages Academy,2019,/works/OL30114909W
Python Programming Patterns,Thomas W. Christopher,2001,/works/OL7945591W
Python Programming Fundamentals,Kent D. Lee,2011,/works/OL16919697W
"Python Programming: An Introduction to Computer Science, 3rd Ed.",John Zelle,2016,/works/OL19543337W
Python Programming for the Absolute Beginner,Michael Dawson,2010,/works/OL21011871W
Python : Programming,"iCode Academy, Python Language",2017,/works/OL24796433W
Automate the Boring Stuff with Python,Al Sweigart,2015,/works/OL17192141W
Black Hat Python Programming,"Richard Ozer, Python Programming",2018,/works/OL40790292W
Python Programming : Advanced Python Applications and Features,Coding ACADEMY,2019,/works/OL30320186W
"Introduction to Python Programming and Data Structures, Global Edition",Y Liang,2022,/works/OL32418351W
Zero to Mastery in Python Programming,"Vayu PUBLISHING, Rakesh YADAV",2022,/works/OL28096065W
Python Programming and Numerical Methods,"Alexandre Bayen, Qingkai Kong, Timmy Siauw",2020,/works/OL21647689W
Python Programming for Arduino,Pratik Desai,2015,/works/OL19547138W
Gray hat Python,Justin Seitz,2009,/works/OL13766685W
Discovering Computer Science,Jessen Havill,2015,/works/OL21572795W
Python Programming : This Book Includes,Computer Science Computer Science Academy,2020,/works/OL30618028W
Python Language,Albert Robin,2022,/works/OL31104383W
Introduction to Python Programming,Alex Jaxson,2022,/works/OL29222726W
Python Programming for Intermediates,"Python Programming, Michael Knapp",2017,/works/OL29569283W
Python hunting,Marley Adair,2016,/works/OL27030585W
More Python Programming For The Absolute Beginner,Jonathan S. Harbour,2011,/works/OL17550187W
Python Programming Language,"Bradley N. Miller, David L. Ranum",2006,/works/OL21008128W
Python Programming,Infinity Solutions,2020,/works/OL30603318W
Advanced Python Programming,"Brian Overland, John Bennett",2019,/works/OL21354459W
Explorations in computing,John S. Conery,2010,/works/OL15444238W
Python For Data Analysis,Wes McKinney,2012,/works/OL17422847W
Python Cookbook,"Alex Martelli, David Ascher, David M. Beazley, Brian K. Jones",2002,/works/OL14873289W
